sku,_store,_attribute_set,_type,category,_root_category,_product_websites,color,cost,country_of_manufacture,created_at,custom_design,custom_design_from,custom_design_to,custom_layout_update,custom_tab,description,gallery,gift_message_available,has_options,image,image_label,label,manufacturer,media_gallery,meta_description,meta_keyword,meta_title,minimal_price,msrp,msrp_display_actual_price_type,msrp_enabled,name,news_from_date,news_to_date,options_container,page_layout,price,required_options,short_description,small_image,small_image_label,special_from_date,special_price,special_to_date,status,tax_class_id,thumbnail,thumbnail_label,updated_at,url_key,url_path,visibility,weight,qty,min_qty,use_config_min_qty,is_qty_decimal,backorders,use_config_backorders,min_sale_qty,use_config_min_sale_qty,max_sale_qty,use_config_max_sale_qty,is_in_stock,notify_stock_qty,use_config_notify_stock_qty,manage_stock,use_config_manage_stock,stock_status_changed_auto,use_config_qty_increments,qty_increments,use_config_enable_qty_inc,enable_qty_increments,is_decimal_divided,_links_related_sku,_links_related_position,_links_crosssell_sku,_links_crosssell_position,_links_upsell_sku,_links_upsell_position,_associated_sku,_associated_default_qty,_associated_position,_tier_price_website,_tier_price_customer_group,_tier_price_qty,_tier_price_price,_group_price_website,_group_price_customer_group,_group_price_price,_media_attribute_id,_media_image,_media_lable,_media_position,_media_is_disabled,_custom_option_store,_custom_option_type,_custom_option_title,_custom_option_is_required,_custom_option_price,_custom_option_sku,_custom_option_max_characters,_custom_option_sort_order,_custom_option_row_title,_custom_option_row_price,_custom_option_row_sku,_custom_option_row_sort,_super_products_sku,_super_attribute_code,_super_attribute_option,_super_attribute_price_corr
vi-046,,Default,simple,"Food & Drink","Default Category",base,,,,"2014-04-08 08:23:19",,,,,,"Donec ullamcorper dui et consectetur aliquam. Maecenas ac turpis faucibus, ornare justo eget, venenatis eros. Sed hendrerit risus nec ligula tristique, eu posuere leo congue. Donec quis dui et odio dapibus ultrices. Morbi quis porta ipsum.",,,0,/1/_/1.jpg,,,,,,,,,,"Use config","Use config","Nullam nec sem vehicula",,,"Product Info Column",,32.0000,0,"Quisque non mattis quam. Nam accumsan feugiat dui, ac rutrum ante molestie id. Quisque quis lacus lectus. Pellentesque luctus elit et augue porttitor, sed pretium sapien ullamcorper",/1/_/1.jpg,,,,,1,0,/1/_/1.jpg,,"2014-08-04 08:25:48",nullam-nec-sem-vehicula,nullam-nec-sem-vehicula.html,4,0.1500,70.0000,0.0000,1,0,0,1,1.0000,1,0.0000,1,1,,1,0,1,0,1,0.0000,1,0,0,,,,,,,,,,,,,,,,,88,/1/_/1.jpg,,1,0,,,,,,,,,,,,,,,,
,,,,Desserts,"Default Category",,,,,,,,,,,,,,,,,,,,,,,,,,,,,,,,,,,,,,,,,,,,,,,,,,,,,,,,,,,,,,,,,,,,,,,,,,,,,,,,,,,,,,88,/1/-/1-1.jpg,,2,0,,,,,,,,,,,,,,,,
,,,,Pizza-pasta,"Default Category",,,,,,,,,,,,,,,,,,,,,,,,,,,,,,,,,,,,,,,,,,,,,,,,,,,,,,,,,,,,,,,,,,,,,,,,,,,,,,,,,,,,,,,,,,,,,,,,,,,,,,,,,,
,,,,Seafood,"Default Category",,,,,,,,,,,,,,,,,,,,,,,,,,,,,,,,,,,,,,,,,,,,,,,,,,,,,,,,,,,,,,,,,,,,,,,,,,,,,,,,,,,,,,,,,,,,,,,,,,,,,,,,,,
,,,,Appetizers,"Default Category",,,,,,,,,,,,,,,,,,,,,,,,,,,,,,,,,,,,,,,,,,,,,,,,,,,,,,,,,,,,,,,,,,,,,,,,,,,,,,,,,,,,,,,,,,,,,,,,,,,,,,,,,,
,,,,Cakes,"Default Category",,,,,,,,,,,,,,,,,,,,,,,,,,,,,,,,,,,,,,,,,,,,,,,,,,,,,,,,,,,,,,,,,,,,,,,,,,,,,,,,,,,,,,,,,,,,,,,,,,,,,,,,,,
priud-202,,Default,simple,"Food & Drink","Default Category",base,,,,"2014-04-08 08:34:00",,,,,,"Maecenas ac turpis faucibus, ornare justo eget, venenatis eros. Sed hendrerit risus nec ligula tristique, eu posuere leo congue. Donec quis dui et odio dapibus ultrices. Morbi quis porta ipsum. ",,,0,/3/_/3.jpg,,,,,,,,,,"Use config","Use config","Cum sociis",,,"Product Info Column",,22.0000,0,"Quisque non mattis quam. Nam accumsan feugiat dui, ac rutrum ante molestie id. Quisque quis lacus lectus. Pellentesque luctus elit et augue porttitor, sed pretium sapien ullamcorper. Sed mollis, sem quis bibendum tincidunt, dolor enim ultricies felis, ultricies egestas enim leo sit amet tortor. Nam eget vulputate erat. Morbi egestas eros nec lectus vestibulum varius. ",/3/_/3.jpg,,,,,1,0,/3/_/3.jpg,,"2014-08-04 08:38:47",cum-sociis,cum-sociis.html,4,0.1200,222.0000,0.0000,1,0,0,1,1.0000,1,0.0000,1,1,,1,0,1,0,1,0.0000,1,0,0,,,,,,,,,,,,,,,,,88,/3/-/3-1.jpg,,3,0,,,,,,,,,,,,,,,,
,,,,Desserts,"Default Category",,,,,,,,,,,,,,,,,,,,,,,,,,,,,,,,,,,,,,,,,,,,,,,,,,,,,,,,,,,,,,,,,,,,,,,,,,,,,,,,,,,,,,88,/3/_/3.jpg,,4,0,,,,,,,,,,,,,,,,
,,,,Pizza-pasta,"Default Category",,,,,,,,,,,,,,,,,,,,,,,,,,,,,,,,,,,,,,,,,,,,,,,,,,,,,,,,,,,,,,,,,,,,,,,,,,,,,,,,,,,,,,,,,,,,,,,,,,,,,,,,,,
,,,,Seafood,"Default Category",,,,,,,,,,,,,,,,,,,,,,,,,,,,,,,,,,,,,,,,,,,,,,,,,,,,,,,,,,,,,,,,,,,,,,,,,,,,,,,,,,,,,,,,,,,,,,,,,,,,,,,,,,
,,,,Meat,"Default Category",,,,,,,,,,,,,,,,,,,,,,,,,,,,,,,,,,,,,,,,,,,,,,,,,,,,,,,,,,,,,,,,,,,,,,,,,,,,,,,,,,,,,,,,,,,,,,,,,,,,,,,,,,
pr-110a,,Default,simple,"Food & Drink","Default Category",base,,,,"2014-04-08 08:40:00",,,,,,"Vestibulum eros elit, aliquet sit amet iaculis sed, lobortis suscipit purus. Nulla et massa non enim sollicitudin molestie eu a augue. Donec mollis lobortis enim sit amet eleifend. Phasellus fringilla mattis justo cursus congue. Nunc sit amet est et lectus auctor tempus. Nunc accumsan bibendum ipsum, vitae tristique lectus ornare a.",,,0,/2/-/2-1.jpg,,,,,,,,,,"Use config","Use config","Vestibulum congue",,,"Product Info Column",,22.0000,0,"Curabitur porttitor justo id risus consequat, non ultricies elit eleifend. Morbi mollis varius elit et scelerisque. Pellentesque pulvinar lacus nunc. Etiam et neque et dui posuere pharetra. Maecenas ipsum est, gravida eu posuere sed, cursus non dolor. Vivamus accumsan est eu velit congue, in consectetur quam ornare. ",/2/-/2-1.jpg,,,,,1,0,/2/-/2-1.jpg,,"2014-08-28 06:27:46",vestibulum-congue,vestibulum-congue.html,4,0.1200,99.0000,0.0000,1,0,0,1,1.0000,1,0.0000,1,1,,1,0,1,0,1,0.0000,1,0,0,,,,,,,,,,,,,,,,,88,/2/-/2-1.jpg,,5,0,,,,,,,,,,,,,,,,
,,,,Desserts,"Default Category",,,,,,,,,,,,,,,,,,,,,,,,,,,,,,,,,,,,,,,,,,,,,,,,,,,,,,,,,,,,,,,,,,,,,,,,,,,,,,,,,,,,,,88,/2/_/2.jpg,,6,0,,,,,,,,,,,,,,,,
,,,,Pizza-pasta,"Default Category",,,,,,,,,,,,,,,,,,,,,,,,,,,,,,,,,,,,,,,,,,,,,,,,,,,,,,,,,,,,,,,,,,,,,,,,,,,,,,,,,,,,,,,,,,,,,,,,,,,,,,,,,,
,,,,Seafood,"Default Category",,,,,,,,,,,,,,,,,,,,,,,,,,,,,,,,,,,,,,,,,,,,,,,,,,,,,,,,,,,,,,,,,,,,,,,,,,,,,,,,,,,,,,,,,,,,,,,,,,,,,,,,,,
,,,,Appetizers,"Default Category",,,,,,,,,,,,,,,,,,,,,,,,,,,,,,,,,,,,,,,,,,,,,,,,,,,,,,,,,,,,,,,,,,,,,,,,,,,,,,,,,,,,,,,,,,,,,,,,,,,,,,,,,,
,,,,Cakes,"Default Category",,,,,,,,,,,,,,,,,,,,,,,,,,,,,,,,,,,,,,,,,,,,,,,,,,,,,,,,,,,,,,,,,,,,,,,,,,,,,,,,,,,,,,,,,,,,,,,,,,,,,,,,,,
pr-0468,,Default,simple,"Food & Drink","Default Category",base,,,,"2014-08-04 08:56:22",,,,,,"Lorem ipsum dolor sit amet, consectetur adipiscing elit. Aliquam dictum augue vitae pulvinar bibendum. Proin sollicitudin aliquet sagittis. Mauris quis erat eget diam suscipit consequat. Sed consectetur quam nisl, sed dictum enim lobortis id. Vivamus vestibulum, magna eu gravida ultricies, nulla libero ornare est, vel tincidunt dolor augue non nulla. ",,,0,/4/_/4.jpg,,,,,,,,,,"Use config","Use config","Etiam diam elit",,,"Product Info Column",,22.0000,0,"Aliquam erat volutpat. Proin pretium viverra justo, vitae tincidunt diam semper ut. Integer semper porta enim nec dictum. Etiam diam elit, pretium a egestas sit amet, pharetra in nisl. Quisque sed condimentum lacus",/4/_/4.jpg,,,,,1,0,/4/_/4.jpg,,"2014-08-05 03:26:10",etiam-diam-elit,etiam-diam-elit.html,4,0.5500,88.0000,0.0000,1,0,0,1,1.0000,1,0.0000,1,1,,1,0,1,0,1,0.0000,1,0,0,,,,,,,,,,,,,,,,,88,/4/_/4.jpg,,7,0,,,,,,,,,,,,,,,,
,,,,Pizza-pasta,"Default Category",,,,,,,,,,,,,,,,,,,,,,,,,,,,,,,,,,,,,,,,,,,,,,,,,,,,,,,,,,,,,,,,,,,,,,,,,,,,,,,,,,,,,,88,/4/-/4-1.jpg,,8,0,,,,,,,,,,,,,,,,
,,,,Seafood,"Default Category",,,,,,,,,,,,,,,,,,,,,,,,,,,,,,,,,,,,,,,,,,,,,,,,,,,,,,,,,,,,,,,,,,,,,,,,,,,,,,,,,,,,,,,,,,,,,,,,,,,,,,,,,,
,,,,Meat,"Default Category",,,,,,,,,,,,,,,,,,,,,,,,,,,,,,,,,,,,,,,,,,,,,,,,,,,,,,,,,,,,,,,,,,,,,,,,,,,,,,,,,,,,,,,,,,,,,,,,,,,,,,,,,,
,,,,Cakes,"Default Category",,,,,,,,,,,,,,,,,,,,,,,,,,,,,,,,,,,,,,,,,,,,,,,,,,,,,,,,,,,,,,,,,,,,,,,,,,,,,,,,,,,,,,,,,,,,,,,,,,,,,,,,,,
food-1,,Default,simple,"Food & Drink","Default Category",base,,,,"2014-04-08 09:28:17",,,,,,"Fusce et risus dolor. Nullam porta at lacus a congue. Donec mollis elementum odio vitae tincidunt. Vestibulum vitae tellus elit. Suspendisse aliquet vitae lectus sit amet condimentum. In convallis viverra volutpat",,,0,/5/_/5.jpg,,,,,,,,,,"Use config","Use config","Sed luctus arcu",,,"Product Info Column",,22.0000,0,"Suspendisse potenti. Integer tellus libero, viverra nec porttitor ac, suscipit vel est. Curabitur vitae imperdiet neque. Nulla lacus sem, malesuada at auctor vitae, molestie at erat. Curabitur non pretium diam. ",/5/_/5.jpg,,,,,1,0,/5/_/5.jpg,,"2014-08-05 03:25:22",sed-luctus-arcu,sed-luctus-arcu.html,4,0.2500,88.0000,0.0000,1,0,0,1,1.0000,1,0.0000,1,1,,1,0,1,0,1,0.0000,1,0,0,,,,,,,,,,,,,,,,,88,/5/-/5-1.jpg,,8,0,,,,,,,,,,,,,,,,
,,,,Pizza-pasta,"Default Category",,,,,,,,,,,,,,,,,,,,,,,,,,,,,,,,,,,,,,,,,,,,,,,,,,,,,,,,,,,,,,,,,,,,,,,,,,,,,,,,,,,,,,88,/5/_/5.jpg,,9,0,,,,,,,,,,,,,,,,
,,,,Seafood,"Default Category",,,,,,,,,,,,,,,,,,,,,,,,,,,,,,,,,,,,,,,,,,,,,,,,,,,,,,,,,,,,,,,,,,,,,,,,,,,,,,,,,,,,,,,,,,,,,,,,,,,,,,,,,,
,,,,Appetizers,"Default Category",,,,,,,,,,,,,,,,,,,,,,,,,,,,,,,,,,,,,,,,,,,,,,,,,,,,,,,,,,,,,,,,,,,,,,,,,,,,,,,,,,,,,,,,,,,,,,,,,,,,,,,,,,
priud-22,,Default,simple,"Food & Drink","Default Category",base,,,,"2014-04-09 03:26:18",,,,,,"Cras interdum lorem vel faucibus consequat. Praesent pretium, ante ac vulputate blandit, magna nibh faucibus felis, ut lobortis mauris nulla ut ligula. Vivamus ut enim semper, tristique tortor eget, mattis leo. Nulla laoreet massa a convallis condimentum. Integer dignissim pharetra faucibus. ",,,0,/6/_/6_1.jpg,,,,,,,,,,"Use config","Use config","Integer dignissim",,,"Product Info Column",,21.0000,0,"Cras interdum orci nunc, nec consectetur leo cursus quis. Vestibulum ante ipsum primis in faucibus orci luctus et ultrices posuere cubilia Curae; Praesent sit amet malesuada lacus. Curabitur in accumsan massa, at lobortis lorem. Praesent volutpat tellus mauris, a tempus felis molestie non. Vivamus convallis, diam pharetra accumsan adipiscing, ligula nisl gravida sem, eget laoreet arcu orci ac massa. Sed eu felis et risus bibendum ornare",/6/_/6_1.jpg,,"2014-08-05 00:00:00",19.0000,"2015-08-31 00:00:00",1,0,/6/_/6_1.jpg,,"2014-08-05 07:06:33",integer-dignissim,integer-dignissim.html,4,0.1500,99.0000,0.0000,1,0,0,1,1.0000,1,0.0000,1,1,,1,0,1,0,1,0.0000,1,0,0,pr-046,0,pr-046,0,priud-202,0,,,,,,,,,,,88,/6/_/6_1.jpg,,10,0,,,,,,,,,,,,,,,,
,,,,Pizza-pasta,"Default Category",,,,,,,,,,,,,,,,,,,,,,,,,,,,,,,,,,,,,,,,,,,,,,,,,,,,,,,,,,,,,,,,,,,,,,priud-202,0,priud-202,0,pr-110a,0,,,,,,,,,,,88,/6/-/6-1_1.jpg,,11,0,,,,,,,,,,,,,,,,
,,,,Seafood,"Default Category",,,,,,,,,,,,,,,,,,,,,,,,,,,,,,,,,,,,,,,,,,,,,,,,,,,,,,,,,,,,,,,,,,,,,,pr-110a,0,pr-110a,0,pr-0468,0,,,,,,,,,,,,,,,,,,,,,,,,,,,,,,,
,,,,Appetizers,"Default Category",,,,,,,,,,,,,,,,,,,,,,,,,,,,,,,,,,,,,,,,,,,,,,,,,,,,,,,,,,,,,,,,,,,,,,,,pr-0468,0,food-1,0,,,,,,,,,,,,,,,,,,,,,,,,,,,,,,,
pr-00111,,Default,simple,"Food & Drink","Default Category",base,,,,"2014-05-08 07:10:05",,,,,," Vivamus non imperdiet urna. Duis auctor velit augue, ut laoreet velit semper id. Nulla accumsan, arcu id bibendum mattis, nibh ante tincidunt nulla, vel adipiscing magna diam at nisi.",,,0,/7/_/7.jpg,,,,,,,,,,"Use config","Use config","In vel",,,"Product Info Column",,18.0000,0,"Sed luctus arcu vel nibh faucibus viverra. Vestibulum felis nisi, congue at lectus nec, venenatis tempus turpis. Nullam malesuada lorem et arcu cursus sagittis vitae a quam. Nulla facilisi. Donec feugiat elementum enim et eleifend. Suspendisse pharetra quam at blandit laoreet. In sed tristique justo, ut adipiscing mi",/7/_/7.jpg,,,,,1,0,/7/_/7.jpg,,"2014-08-05 07:12:33",in-vel,in-vel.html,4,0.1300,99.0000,0.0000,1,0,0,1,1.0000,1,0.0000,1,1,,1,0,1,0,1,0.0000,1,0,0,pr-046,0,pr-046,0,priud-202,0,,,,,,,,,,,88,/7/_/7.jpg,,12,0,,,,,,,,,,,,,,,,
,,,,Desserts,"Default Category",,,,,,,,,,,,,,,,,,,,,,,,,,,,,,,,,,,,,,,,,,,,,,,,,,,,,,,,,,,,,,,,,,,,,,priud-202,0,priud-202,0,pr-110a,0,,,,,,,,,,,88,/7/-/7-1.jpg,,13,0,,,,,,,,,,,,,,,,
,,,,Pizza-pasta,"Default Category",,,,,,,,,,,,,,,,,,,,,,,,,,,,,,,,,,,,,,,,,,,,,,,,,,,,,,,,,,,,,,,,,,,,,,pr-110a,0,pr-110a,0,pr-0468,0,,,,,,,,,,,,,,,,,,,,,,,,,,,,,,,
,,,,Seafood,"Default Category",,,,,,,,,,,,,,,,,,,,,,,,,,,,,,,,,,,,,,,,,,,,,,,,,,,,,,,,,,,,,,,,,,,,,,,,pr-0468,0,food-1,0,,,,,,,,,,,,,,,,,,,,,,,,,,,,,,,
,,,,Meat,"Default Category",,,,,,,,,,,,,,,,,,,,,,,,,,,,,,,,,,,,,,,,,,,,,,,,,,,,,,,,,,,,,,,,,,,,,,,,,,,,,,,,,,,,,,,,,,,,,,,,,,,,,,,,,,
,,,,Cakes,"Default Category",,,,,,,,,,,,,,,,,,,,,,,,,,,,,,,,,,,,,,,,,,,,,,,,,,,,,,,,,,,,,,,,,,,,,,,,,,,,,,,,,,,,,,,,,,,,,,,,,,,,,,,,,,
donec-002,,Default,simple,"Food & Drink","Default Category",base,,,,"2014-05-08 07:28:36",,,,,,"Duis auctor velit augue, ut laoreet velit semper id. Nulla accumsan, arcu id bibendum mattis, nibh ante tincidunt nulla, vel adipiscing magna diam at nisi. Aenean lacus mi, fringilla sed mi eget, eleifend vulputate sapien. Vivamus sed porttitor purus. Morbi facilisis eget tellus a placerat. Ut volutpat metus quis lorem porta luctus. ",,,0,/8/_/8.jpg,,,,,,,,,,"Use config","Use config","Mauris pulvinar",,,"Product Info Column",,18.0000,0," Donec feugiat elementum enim et eleifend. Suspendisse pharetra quam at blandit laoreet. In sed tristique justo, ut adipiscing mi. Sed vel felis ante. Interdum et malesuada fames ac ante ipsum primis in faucibus. ",/8/_/8.jpg,,,,,1,0,/8/_/8.jpg,,"2014-08-05 07:33:08",mauris-pulvinar,mauris-pulvinar.html,4,0.1200,999.0000,0.0000,1,0,0,1,1.0000,1,0.0000,1,1,,1,0,1,0,1,0.0000,1,0,0,pr-046,0,pr-046,0,priud-202,0,,,,,,,,,,,88,/8/-/8-1.jpg,,14,0,,,,,,,,,,,,,,,,
,,,,Pizza-pasta,"Default Category",,,,,,,,,,,,,,,,,,,,,,,,,,,,,,,,,,,,,,,,,,,,,,,,,,,,,,,,,,,,,,,,,,,,,,priud-202,0,priud-202,0,pr-110a,0,,,,,,,,,,,88,/8/_/8.jpg,,15,0,,,,,,,,,,,,,,,,
,,,,Seafood,"Default Category",,,,,,,,,,,,,,,,,,,,,,,,,,,,,,,,,,,,,,,,,,,,,,,,,,,,,,,,,,,,,,,,,,,,,,pr-110a,0,pr-110a,0,pr-0468,0,,,,,,,,,,,88,/9/_/9.jpg,,16,0,,,,,,,,,,,,,,,,
,,,,Appetizers,"Default Category",,,,,,,,,,,,,,,,,,,,,,,,,,,,,,,,,,,,,,,,,,,,,,,,,,,,,,,,,,,,,,,,,,,,,,,,pr-0468,0,food-1,0,,,,,,,,,,,,,,,,,,,,,,,,,,,,,,,
pr-00191,,Default,simple,"Food & Drink","Default Category",base,,,,"2014-05-08 07:33:20",,,,,,"Praesent volutpat tellus mauris, a tempus felis molestie non. Vivamus convallis, diam pharetra accumsan adipiscing, ligula nisl gravida sem, eget laoreet arcu orci ac massa. Sed eu felis et risus bibendum ornare. Vivamus purus metus, consequat nec facilisis ac, tincidunt id dui.",,,0,/9/_/9_1.jpg,,,,,,,,,,"Use config","Use config","Vestibulum ante",,,"Product Info Column",,18.0000,0,"Duis auctor velit augue, ut laoreet velit semper id. Nulla accumsan, arcu id bibendum mattis, nibh ante tincidunt nulla, vel adipiscing magna diam at nisi. Aenean lacus mi, fringilla sed mi eget, eleifend vulputate sapien. Vivamus sed porttitor purus. Morbi facilisis eget tellus a placerat. Ut volutpat metus quis lorem porta luctus ",/9/_/9_1.jpg,,,,,1,0,/9/_/9_1.jpg,,"2014-08-05 07:34:25",vestibulum-ante,vestibulum-ante.html,4,0.1800,99.0000,0.0000,1,0,0,1,1.0000,1,0.0000,1,1,,1,0,1,0,1,0.0000,1,0,0,pr-046,0,pr-046,0,priud-202,0,,,,,,,,,,,88,/8/-/8-1_1.jpg,,14,0,,,,,,,,,,,,,,,,
,,,,Pizza-pasta,"Default Category",,,,,,,,,,,,,,,,,,,,,,,,,,,,,,,,,,,,,,,,,,,,,,,,,,,,,,,,,,,,,,,,,,,,,,priud-202,0,priud-202,0,pr-110a,0,,,,,,,,,,,88,/8/_/8_1.jpg,,15,0,,,,,,,,,,,,,,,,
,,,,Seafood,"Default Category",,,,,,,,,,,,,,,,,,,,,,,,,,,,,,,,,,,,,,,,,,,,,,,,,,,,,,,,,,,,,,,,,,,,,,pr-110a,0,pr-110a,0,pr-0468,0,,,,,,,,,,,88,/9/_/9_1.jpg,,16,0,,,,,,,,,,,,,,,,
,,,,Appetizers,"Default Category",,,,,,,,,,,,,,,,,,,,,,,,,,,,,,,,,,,,,,,,,,,,,,,,,,,,,,,,,,,,,,,,,,,,,,,,pr-0468,0,food-1,0,,,,,,,,,,,,,,,,,,,,,,,,,,,,,,,
,,,,Meat,"Default Category",,,,,,,,,,,,,,,,,,,,,,,,,,,,,,,,,,,,,,,,,,,,,,,,,,,,,,,,,,,,,,,,,,,,,,,,,,,,,,,,,,,,,,,,,,,,,,,,,,,,,,,,,,
,,,,Cakes,"Default Category",,,,,,,,,,,,,,,,,,,,,,,,,,,,,,,,,,,,,,,,,,,,,,,,,,,,,,,,,,,,,,,,,,,,,,,,,,,,,,,,,,,,,,,,,,,,,,,,,,,,,,,,,,
pr-325-1,,Default,simple,"Food & Drink","Default Category",base,,,,"2014-05-08 09:12:27",,,,,,"Ut lobortis est at tellus adipiscing, non consequat dolor eleifend. Aenean nulla ante, dapibus at ultrices non, consequat eget nisi. Mauris eget interdum dui. Mauris feugiat ipsum ac ante fermentum, sit amet cursus sem volutpat",,,0,/1/1/11.jpg,,,,,,,,,,"Use config","Use config","Mauris eget",,,"Product Info Column",,18.0000,0,"Sed euismod massa sit amet massa ullamcorper tincidunt. Donec ut nisi ut diam viverra pretium. Suspendisse tempor lacus nec faucibus semper. Nam mattis ornare tortor. Phasellus at ullamcorper nisl. Aenean et mauris nec sem volutpat rutrum ac nec metus. Vivamus eu posuere eros",/1/1/11.jpg,,,,,1,0,/1/1/11.jpg,,"2014-08-05 09:14:31",mauris-eget,mauris-eget.html,4,0.1800,88.0000,0.0000,1,0,0,1,1.0000,1,0.0000,1,1,,1,0,1,0,1,0.0000,1,0,0,pr-046,0,pr-046,0,priud-202,0,,,,,,,,,,,88,/1/1/11.jpg,,17,0,,,,,,,,,,,,,,,,
,,,,Meat,"Default Category",,,,,,,,,,,,,,,,,,,,,,,,,,,,,,,,,,,,,,,,,,,,,,,,,,,,,,,,,,,,,,,,,,,,,,priud-202,0,priud-202,0,pr-110a,0,,,,,,,,,,,88,/1/0/10.jpg,,18,0,,,,,,,,,,,,,,,,
,,,,Cakes,"Default Category",,,,,,,,,,,,,,,,,,,,,,,,,,,,,,,,,,,,,,,,,,,,,,,,,,,,,,,,,,,,,,,,,,,,,,pr-110a,0,pr-110a,0,pr-0468,0,,,,,,,,,,,88,/1/2/12.jpg,,19,0,,,,,,,,,,,,,,,,
,,,,,,,,,,,,,,,,,,,,,,,,,,,,,,,,,,,,,,,,,,,,,,,,,,,,,,,,,,,,,,,,,,,,,,,,,,,,,pr-0468,0,food-1,0,,,,,,,,,,,,,,,,,,,,,,,,,,,,,,,
pr-11022,,Default,simple,"Food & Drink","Default Category",base,,,,"2014-05-08 09:14:57",,,,,,"Curabitur ornare fringilla mi, nec imperdiet orci porttitor dictum. In malesuada velit in quam ullamcorper ultrices. Proin fringilla, est vel semper molestie, velit dui luctus velit, quis gravida nunc mi eu justo. Nullam vel nunc elementum, blandit velit nec, aliquam nisl. Cras urna augue, dignissim ut enim id, vulputate mollis ipsum",,,0,/1/0/10_1.jpg,,,,,,,,,,"Use config","Use config","Praesent dictum",,,"Product Info Column",,18.0000,0,"Nullam vehicula leo vel velit mattis, in tincidunt leo consectetur. Aenean lacinia ultricies ligula, eu commodo nisi feugiat a. Praesent dictum pharetra luctus. Vestibulum sagittis purus non justo condimentum vehicula",/1/0/10_1.jpg,,,,,1,0,/1/0/10_1.jpg,,"2014-08-05 09:18:48",praesent-dictum,praesent-dictum.html,4,0.1800,99.0000,0.0000,1,0,0,1,1.0000,1,0.0000,1,1,,1,0,1,0,1,0.0000,1,0,0,pr-046,0,pr-046,0,priud-202,0,,,,,,,,,,,88,/1/1/11_1.jpg,,17,0,,,,,,,,,,,,,,,,
,,,,Desserts,"Default Category",,,,,,,,,,,,,,,,,,,,,,,,,,,,,,,,,,,,,,,,,,,,,,,,,,,,,,,,,,,,,,,,,,,,,,priud-202,0,priud-202,0,pr-110a,0,,,,,,,,,,,88,/1/0/10_1.jpg,,18,0,,,,,,,,,,,,,,,,
,,,,Appetizers,"Default Category",,,,,,,,,,,,,,,,,,,,,,,,,,,,,,,,,,,,,,,,,,,,,,,,,,,,,,,,,,,,,,,,,,,,,,pr-110a,0,pr-110a,0,pr-0468,0,,,,,,,,,,,88,/1/2/12_1.jpg,,19,0,,,,,,,,,,,,,,,,
,,,,Meat,"Default Category",,,,,,,,,,,,,,,,,,,,,,,,,,,,,,,,,,,,,,,,,,,,,,,,,,,,,,,,,,,,,,,,,,,,,,,,pr-0468,0,food-1,0,,,,,,,,,,,,,,,,,,,,,,,,,,,,,,,
pr-325-2,,Default,simple,"Food & Drink","Default Category",base,,,,"2014-05-08 09:43:12",,,,,,"Praesent a neque sollicitudin, molestie nisi eu, ultricies massa. Pellentesque mattis pellentesque ipsum. Vivamus et eros arcu. Suspendisse tempus est vitae hendrerit rutrum. Sed varius mi mauris, a luctus mi lacinia dapibus. ",,,0,/1/2/12_1_1.jpg,,,,,,,,,,"Use config","Use config","Ut vitae varius",,,"Product Info Column",,16.0000,0,"Praesent pharetra suscipit nunc in blandit. Ut adipiscing turpis eu arcu gravida, at aliquet leo sodales. Nunc volutpat tincidunt tellus a ultrices. Duis risus eros, iaculis non mollis eu, commodo at nunc. Proin eget mattis odio. Lorem ipsum dolor sit amet, consectetur adipiscing elit. Nunc non dui mattis, lobortis libero et, egestas felis",/1/2/12_1_1.jpg,,,,,1,0,/1/2/12_1_1.jpg,,"2014-08-05 09:44:29",ut-vitae-varius,ut-vitae-varius.html,4,0.1800,8888.0000,0.0000,1,0,0,1,1.0000,1,0.0000,1,1,,1,0,1,0,1,0.0000,1,0,0,pr-046,0,pr-046,0,priud-202,0,,,,,,,,,,,88,/1/1/11_1_1.jpg,,17,0,,,,,,,,,,,,,,,,
,,,,Desserts,"Default Category",,,,,,,,,,,,,,,,,,,,,,,,,,,,,,,,,,,,,,,,,,,,,,,,,,,,,,,,,,,,,,,,,,,,,,priud-202,0,priud-202,0,pr-110a,0,,,,,,,,,,,88,/1/0/10_1_1.jpg,,18,0,,,,,,,,,,,,,,,,
,,,,Appetizers,"Default Category",,,,,,,,,,,,,,,,,,,,,,,,,,,,,,,,,,,,,,,,,,,,,,,,,,,,,,,,,,,,,,,,,,,,,,pr-110a,0,pr-110a,0,pr-0468,0,,,,,,,,,,,88,/1/2/12_1_1.jpg,,19,0,,,,,,,,,,,,,,,,
,,,,Meat,"Default Category",,,,,,,,,,,,,,,,,,,,,,,,,,,,,,,,,,,,,,,,,,,,,,,,,,,,,,,,,,,,,,,,,,,,,,,,pr-0468,0,food-1,0,,,,,,,,,,,,,,,,,,,,,,,,,,,,,,,
,,,,Cakes,"Default Category",,,,,,,,,,,,,,,,,,,,,,,,,,,,,,,,,,,,,,,,,,,,,,,,,,,,,,,,,,,,,,,,,,,,,,,,,,,,,,,,,,,,,,,,,,,,,,,,,,,,,,,,,,
pr-00195,,Default,simple,"Food & Drink","Default Category",base,,,,"2014-05-08 09:47:14",,,,,,"Proin eget mattis odio. Lorem ipsum dolor sit amet, consectetur adipiscing elit. Nunc non dui mattis, lobortis libero et, egestas felis. Etiam consequat rhoncus dolor, a pellentesque tellus pellentesque iaculis. Cum sociis natoque penatibus et magnis dis parturient montes, nascetur ridiculus mus. ",,,0,/1/5/15.jpg,,,,,,,,,,"Use config","Use config","Etiam consequat",,,"Product Info Column",,13.0000,0,"Ut mattis sollicitudin sem vel rutrum. Praesent sit amet elit mollis nisi lobortis convallis. Suspendisse lobortis fringilla purus id rutrum. Mauris adipiscing sapien at magna tempus, a gravida eros consectetur. Pellentesque leo nibh, posuere vitae magna eget, condimentum imperdiet eros. ",/1/5/15.jpg,,,,,1,0,/1/5/15.jpg,,"2014-08-05 09:50:19",etiam-consequat,etiam-consequat.html,4,0.1800,66.0000,0.0000,1,0,0,1,1.0000,1,0.0000,1,1,,1,0,1,0,1,0.0000,1,0,0,pr-046,0,pr-046,0,priud-202,0,,,,,,,,,,,88,/1/5/15.jpg,,20,0,,,,,,,,,,,,,,,,
,,,,Desserts,"Default Category",,,,,,,,,,,,,,,,,,,,,,,,,,,,,,,,,,,,,,,,,,,,,,,,,,,,,,,,,,,,,,,,,,,,,,priud-202,0,priud-202,0,pr-110a,0,,,,,,,,,,,88,/1/4/14.jpg,,21,0,,,,,,,,,,,,,,,,
,,,,Appetizers,"Default Category",,,,,,,,,,,,,,,,,,,,,,,,,,,,,,,,,,,,,,,,,,,,,,,,,,,,,,,,,,,,,,,,,,,,,,pr-110a,0,pr-110a,0,pr-0468,0,,,,,,,,,,,,,,,,,,,,,,,,,,,,,,,
,,,,Cakes,"Default Category",,,,,,,,,,,,,,,,,,,,,,,,,,,,,,,,,,,,,,,,,,,,,,,,,,,,,,,,,,,,,,,,,,,,,,,,pr-0468,0,food-1,0,,,,,,,,,,,,,,,,,,,,,,,,,,,,,,,
pr-00155,,Default,simple,"Food & Drink","Default Category",base,,,,"2014-05-08 09:52:39",,,,,,"Curabitur venenatis elit id turpis lobortis vulputate. Mauris semper bibendum urna, id egestas lectus sodales varius. Mauris in vulputate metus. Morbi semper accumsan diam et vestibulum. In viverra posuere nisl, id varius quam consectetur a",,,0,/1/4/14_1.jpg,,,,,,,,,,"Use config","Use config","Curabitur fermentum",,,"Product Info Column",,13.0000,0,"Nulla volutpat erat sollicitudin dolor rhoncus facilisis. Donec pulvinar viverra elit dapibus aliquet. Morbi sed quam a ligula sollicitudin consequat eu vel odio. Donec consectetur pulvinar condimentum. Nam adipiscing sit amet urna sed scelerisque. Donec tortor sem, adipiscing quis augue ac, euismod tristique lectus",/1/4/14_1.jpg,,,,,1,0,/1/4/14_1.jpg,,"2014-08-06 02:22:08",curabitur-fermentum,curabitur-fermentum.html,4,0.1400,99.0000,0.0000,1,0,0,1,1.0000,1,0.0000,1,1,,1,0,1,0,1,0.0000,1,0,0,pr-046,0,pr-046,0,priud-202,0,,,,,,,,,,,88,/1/5/15_1.jpg,,20,0,,,,,,,,,,,,,,,,
,,,,Desserts,"Default Category",,,,,,,,,,,,,,,,,,,,,,,,,,,,,,,,,,,,,,,,,,,,,,,,,,,,,,,,,,,,,,,,,,,,,,priud-202,0,priud-202,0,pr-110a,0,,,,,,,,,,,88,/1/4/14_1.jpg,,21,0,,,,,,,,,,,,,,,,
,,,,Appetizers,"Default Category",,,,,,,,,,,,,,,,,,,,,,,,,,,,,,,,,,,,,,,,,,,,,,,,,,,,,,,,,,,,,,,,,,,,,,pr-110a,0,pr-110a,0,pr-0468,0,,,,,,,,,,,,,,,,,,,,,,,,,,,,,,,
,,,,,,,,,,,,,,,,,,,,,,,,,,,,,,,,,,,,,,,,,,,,,,,,,,,,,,,,,,,,,,,,,,,,,,,,,,,,,pr-0468,0,food-1,0,,,,,,,,,,,,,,,,,,,,,,,,,,,,,,,
etiam-01-et-02,,Default,simple,"Food & Drink","Default Category",base,,,,"2014-05-09 02:22:21",,,,,,"In bibendum scelerisque nisl, eu cursus nibh sollicitudin nec. Ut placerat tincidunt euismod. Morbi et orci iaculis, gravida libero id, suscipit dolor. Maecenas lectus lacus, iaculis non mauris ac, varius rutrum quam. Cras eget tincidunt enim. Praesent tincidunt feugiat felis at varius. Sed porttitor diam id purus aliquam suscipit",,,0,/1/9/19.jpg,,,,,,,,,,"Use config","Use config","Aenean sed",,,"Product Info Column",,11.0000,0,"Nulla volutpat erat sollicitudin dolor rhoncus facilisis. Donec pulvinar viverra elit dapibus aliquet. Morbi sed quam a ligula sollicitudin consequat eu vel odio. Donec consectetur pulvinar condimentum. Nam adipiscing sit amet urna sed scelerisque. Donec tortor sem, adipiscing quis augue ac, euismod tristique lectus",/1/9/19.jpg,,,,,1,0,/1/9/19.jpg,,"2014-08-06 02:31:37",aenean-sed,aenean-sed.html,4,0.1400,99.0000,0.0000,1,0,0,1,1.0000,1,0.0000,1,1,,1,0,1,0,1,0.0000,1,0,0,pr-046,0,pr-046,0,priud-202,0,,,,,,,,,,,88,/1/9/19.jpg,,22,0,,,,,,,,,,,,,,,,
,,,,Cakes,"Default Category",,,,,,,,,,,,,,,,,,,,,,,,,,,,,,,,,,,,,,,,,,,,,,,,,,,,,,,,,,,,,,,,,,,,,,priud-202,0,priud-202,0,pr-110a,0,,,,,,,,,,,88,/1/6/16.jpg,,23,0,,,,,,,,,,,,,,,,
,,,,,,,,,,,,,,,,,,,,,,,,,,,,,,,,,,,,,,,,,,,,,,,,,,,,,,,,,,,,,,,,,,,,,,,,,,,pr-110a,0,pr-110a,0,pr-0468,0,,,,,,,,,,,88,/1/7/17.jpg,,24,0,,,,,,,,,,,,,,,,
,,,,,,,,,,,,,,,,,,,,,,,,,,,,,,,,,,,,,,,,,,,,,,,,,,,,,,,,,,,,,,,,,,,,,,,,,,,,,pr-0468,0,food-1,0,,,,,,,,,,,88,/1/8/18.jpg,,25,0,,,,,,,,,,,,,,,,
pr-00193,,Default,simple,"Food & Drink","Default Category",base,,,,"2014-05-09 02:32:55",,,,,,"Ut placerat non ipsum ac iaculis. Duis pellentesque tellus lorem, vel tempus nunc ornare eu. Morbi viverra nec est vel pharetra. Sed dignissim volutpat nisi. Morbi eget laoreet libero, congue faucibus lorem. Duis vulputate erat ut felis eleifend, sed eleifend sapien bibendum. ",,,0,/1/6/16_1.jpg,,hot,,,,,,,,"Use config","Use config","Morbi viverra",,,"Product Info Column",,9.0000,0,"Curabitur fermentum tortor leo, ac sollicitudin lectus sollicitudin pulvinar. Aliquam et purus viverra, mattis odio in, accumsan nunc. Donec dictum velit sed purus commodo bibendum. Curabitur venenatis elit id turpis lobortis vulputate. Mauris semper bibendum urna, id egestas lectus sodales varius. Mauris in vulputate metus",/1/6/16_1.jpg,,,,,1,0,/1/6/16_1.jpg,,"2014-08-06 02:34:21",morbi-viverra,morbi-viverra.html,4,0.1200,98.0000,0.0000,1,0,0,1,1.0000,1,0.0000,1,1,,1,0,1,0,1,0.0000,1,0,0,pr-046,0,pr-046,0,priud-202,0,,,,,,,,,,,88,/1/9/19_1.jpg,,22,0,,,,,,,,,,,,,,,,
,,,,Desserts,"Default Category",,,,,,,,,,,,,,,,,,,,,,,,,,,,,,,,,,,,,,,,,,,,,,,,,,,,,,,,,,,,,,,,,,,,,,priud-202,0,priud-202,0,pr-110a,0,,,,,,,,,,,88,/1/6/16_1.jpg,,23,0,,,,,,,,,,,,,,,,
,,,,Appetizers,"Default Category",,,,,,,,,,,,,,,,,,,,,,,,,,,,,,,,,,,,,,,,,,,,,,,,,,,,,,,,,,,,,,,,,,,,,,pr-110a,0,pr-110a,0,pr-0468,0,,,,,,,,,,,88,/1/7/17_1.jpg,,24,0,,,,,,,,,,,,,,,,
,,,,Meat,"Default Category",,,,,,,,,,,,,,,,,,,,,,,,,,,,,,,,,,,,,,,,,,,,,,,,,,,,,,,,,,,,,,,,,,,,,,,,pr-0468,0,food-1,0,,,,,,,,,,,88,/1/8/18_1.jpg,,25,0,,,,,,,,,,,,,,,,
,,,,Cakes,"Default Category",,,,,,,,,,,,,,,,,,,,,,,,,,,,,,,,,,,,,,,,,,,,,,,,,,,,,,,,,,,,,,,,,,,,,,,,,,,,,,,,,,,,,,,,,,,,,,,,,,,,,,,,,,
pr-0231,,Default,simple,"Food & Drink","Default Category",base,,,,"2014-08-06 02:34:49",,,,,,"Nam lacinia consequat lorem, in ullamcorper magna fringilla faucibus. In ornare nibh consequat risus malesuada, id lobortis justo consequat. Ut placerat non ipsum ac iaculis. Duis pellentesque tellus lorem, vel tempus nunc ornare eu. Morbi viverra nec est vel pharetra. Sed dignissim volutpat nisi. Morbi eget laoreet libero, congue faucibus lorem. Duis vulputate erat ut felis eleifend, sed eleifend sapien bibendum. ",,,1,/1/7/17_1_1.jpg,,new,,,,,,,,"Use config","Use config","Custom eget laoreet",,,"Product Info Column",,9.0000,1,"Curabitur fermentum tortor leo, ac sollicitudin lectus sollicitudin pulvinar. Aliquam et purus viverra, mattis odio in, accumsan nunc. Donec dictum velit sed purus commodo bibendum. Curabitur venenatis elit id turpis lobortis vulputate. Mauris semper bibendum urna, id egestas lectus sodales varius. Mauris in vulputate metus.",/1/7/17_1_1.jpg,,,,,1,0,/1/7/17_1_1.jpg,,"2014-08-06 07:43:57",morbi-eget-laoreet,morbi-eget-laoreet.html,4,0.1000,96.0000,0.0000,1,0,0,1,1.0000,1,0.0000,1,1,,1,0,1,0,1,0.0000,1,0,0,pr-046,0,pr-046,0,priud-202,0,,,,,,,,,,,88,/1/9/19_1_1.jpg,,22,0,,radio,Beverages,1,,,,0,"Coke in a Can",2.0000,,0,,,,
,,,,Desserts,"Default Category",,,,,,,,,,,,,,,,,,,,,,,,,,,,,,,,,,,,,,,,,,,,,,,,,,,,,,,,,,,,,,,,,,,,,,priud-202,0,priud-202,0,pr-110a,0,,,,,,,,,,,88,/1/6/16_1_1.jpg,,23,0,,,,,,,,,"Fresh Lime Soda",1.0000,,0,,,,
,,,,Meat,"Default Category",,,,,,,,,,,,,,,,,,,,,,,,,,,,,,,,,,,,,,,,,,,,,,,,,,,,,,,,,,,,,,,,,,,,,,pr-110a,0,pr-110a,0,pr-0468,0,,,,,,,,,,,88,/1/7/17_1_1.jpg,,24,0,,,,,,,,,"Jal Jeera Pani",2.0000,,0,,,,
,,,,Cakes,"Default Category",,,,,,,,,,,,,,,,,,,,,,,,,,,,,,,,,,,,,,,,,,,,,,,,,,,,,,,,,,,,,,,,,,,,,,,,pr-0468,0,food-1,0,,,,,,,,,,,88,/1/8/18_1_1.jpg,,25,0,english,,,,,,,,"Fresh Lime Soda",,,,,,,
,,,,,,,,,,,,,,,,,,,,,,,,,,,,,,,,,,,,,,,,,,,,,,,,,,,,,,,,,,,,,,,,,,,,,,,,,,,,,,,,,,,,,,,,,,,,,,,,english,,,,,,,,"Jal Jeera Pani",,,,,,,
,,,,,,,,,,,,,,,,,,,,,,,,,,,,,,,,,,,,,,,,,,,,,,,,,,,,,,,,,,,,,,,,,,,,,,,,,,,,,,,,,,,,,,,,,,,,,,,,french,,,,,,,,"Fresh Lime Soda",,,,,,,
,,,,,,,,,,,,,,,,,,,,,,,,,,,,,,,,,,,,,,,,,,,,,,,,,,,,,,,,,,,,,,,,,,,,,,,,,,,,,,,,,,,,,,,,,,,,,,,,french,,,,,,,,"Jal Jeera Pani",,,,,,,
,,,,,,,,,,,,,,,,,,,,,,,,,,,,,,,,,,,,,,,,,,,,,,,,,,,,,,,,,,,,,,,,,,,,,,,,,,,,,,,,,,,,,,,,,,,,,,,,german,,,,,,,,"Fresh Lime Soda",,,,,,,
,,,,,,,,,,,,,,,,,,,,,,,,,,,,,,,,,,,,,,,,,,,,,,,,,,,,,,,,,,,,,,,,,,,,,,,,,,,,,,,,,,,,,,,,,,,,,,,,german,,,,,,,,"Jal Jeera Pani",,,,,,,
,,,,,,,,,,,,,,,,,,,,,,,,,,,,,,,,,,,,,,,,,,,,,,,,,,,,,,,,,,,,,,,,,,,,,,,,,,,,,,,,,,,,,,,,,,,,,,,,,multiple,"Special Combinations",1,,,,0,"Dried Orange",5.0000,,0,,,,
,,,,,,,,,,,,,,,,,,,,,,,,,,,,,,,,,,,,,,,,,,,,,,,,,,,,,,,,,,,,,,,,,,,,,,,,,,,,,,,,,,,,,,,,,,,,,,,,,,,,,,,,"Sed Dignissim Volutpa",6.0000,,0,,,,
,,,,,,,,,,,,,,,,,,,,,,,,,,,,,,,,,,,,,,,,,,,,,,,,,,,,,,,,,,,,,,,,,,,,,,,,,,,,,,,,,,,,,,,,,,,,,,,,english,,,,,,,,"Sed Dignissim Volutpa",,,,,,,
,,,,,,,,,,,,,,,,,,,,,,,,,,,,,,,,,,,,,,,,,,,,,,,,,,,,,,,,,,,,,,,,,,,,,,,,,,,,,,,,,,,,,,,,,,,,,,,,french,,,,,,,,"Sed Dignissim Volutpa",,,,,,,
,,,,,,,,,,,,,,,,,,,,,,,,,,,,,,,,,,,,,,,,,,,,,,,,,,,,,,,,,,,,,,,,,,,,,,,,,,,,,,,,,,,,,,,,,,,,,,,,german,,,,,,,,"Sed Dignissim Volutpa",,,,,,,
product-22,,Default,simple,"Food & Drink","Default Category",base,,,,"2014-05-09 03:01:19",,,,,,"Duis pellentesque tellus lorem, vel tempus nunc ornare eu. Morbi viverra nec est vel pharetra. Sed dignissim volutpat nisi. Morbi eget laoreet libero, congue faucibus lorem. Duis vulputate erat ut felis eleifend, sed eleifend sapien bibendum. ",,,0,/1/8/18_1_2.jpg,,new,,,,,,,,"Use config","Use config","Duis pellentesque",,,"Product Info Column",,9.0000,0,"Maecenas bibendum fringilla nunc nec pretium. In in vestibulum nibh. Etiam ac fermentum velit, non mattis magna. Cum sociis natoque penatibus et magnis dis parturient montes, nascetur ridiculus mus. Nam lacinia consequat lorem, in ullamcorper magna fringilla faucibus. In ornare nibh consequat risus malesuada, id lobortis justo consequat",/1/8/18_1_2.jpg,,,,,1,0,/1/8/18_1_2.jpg,,"2014-08-06 03:26:37",duis-pellentesque,duis-pellentesque.html,4,0.1200,99.0000,0.0000,1,0,0,1,1.0000,1,0.0000,1,1,,1,0,1,0,1,0.0000,1,0,0,pr-046,0,pr-046,0,priud-202,0,,,,,,,,,,,88,/1/9/19_1_2.jpg,,22,0,,,,,,,,,,,,,,,,
,,,,Desserts,"Default Category",,,,,,,,,,,,,,,,,,,,,,,,,,,,,,,,,,,,,,,,,,,,,,,,,,,,,,,,,,,,,,,,,,,,,,priud-202,0,priud-202,0,pr-110a,0,,,,,,,,,,,88,/1/6/16_1_2.jpg,,23,0,,,,,,,,,,,,,,,,
,,,,Appetizers,"Default Category",,,,,,,,,,,,,,,,,,,,,,,,,,,,,,,,,,,,,,,,,,,,,,,,,,,,,,,,,,,,,,,,,,,,,,pr-110a,0,pr-110a,0,pr-0468,0,,,,,,,,,,,88,/1/7/17_1_2.jpg,,24,0,,,,,,,,,,,,,,,,
,,,,Meat,"Default Category",,,,,,,,,,,,,,,,,,,,,,,,,,,,,,,,,,,,,,,,,,,,,,,,,,,,,,,,,,,,,,,,,,,,,,,,pr-0468,0,food-1,0,,,,,,,,,,,88,/1/8/18_1_2.jpg,,25,0,,,,,,,,,,,,,,,,
fusxe-001,,Default,grouped,Pizza-pasta,"Default Category",,,,,"2014-06-08 07:24:24",,,,,,"Aliquam erat volutpat. Aenean ullamcorper pharetra arcu, non egestas massa ornare eu. Vestibulum felis felis, condimentum ut neque sit amet, fringilla auctor nunc. Integer volutpat condimentum metus at varius. Vestibulum at imperdiet lorem, eu posuere leo. Fusce at adipiscing lorem, sit amet pharetra tellus",,,0,/6/-/6-1_1_2.jpg,,sales,,,,,,,,,,"Group cras nulla ante",,,"Product Info Column",,,0,"Maecenas bibendum fringilla nunc nec pretium. In in vestibulum nibh. Etiam ac fermentum velit, non mattis magna. Cum sociis natoque penatibus et magnis dis parturient montes, nascetur ridiculus mus. Nam lacinia consequat lorem, in ullamcorper magna fringilla faucibus. In ornare nibh consequat risus malesuada, id lobortis justo consequat",/6/-/6-1_1_2.jpg,,,,,1,,/6/-/6-1_1_2.jpg,,"2014-08-06 07:43:28",cras-nulla-ante,,4,,0.0000,0.0000,1,0,0,1,1.0000,1,0.0000,1,1,,1,0,1,0,1,0.0000,1,0,0,pr-00195,0,pr-325-2,0,etiam-01-et-02,0,food-1,0.0000,0,,,,,,,,88,/1/0/10_2.jpg,,1,0,,,,,,,,,,,,,,,,
,,,,Seafood,"Default Category",,,,,,,,,,,,,,,,,,,,,,,,,,,,,,,,,,,,,,,,,,,,,,,,,,,,,,,,,,,,,,,,,,,,,,etiam-01-et-02,0,pr-00195,0,product-22,0,pr-00191,0.0000,0,,,,,,,,88,/1/_/1_2.jpg,,2,0,,,,,,,,,,,,,,,,
,,,,Meat,"Default Category",,,,,,,,,,,,,,,,,,,,,,,,,,,,,,,,,,,,,,,,,,,,,,,,,,,,,,,,,,,,,,,,,,,,,,pr-0231,0,etiam-01-et-02,0,,,pr-325-2,0.0000,0,,,,,,,,88,/6/-/6-1_1_2.jpg,,3,0,,,,,,,,,,,,,,,,
,,,,Cakes,"Default Category",,,,,,,,,,,,,,,,,,,,,,,,,,,,,,,,,,,,,,,,,,,,,,,,,,,,,,,,,,,,,,,,,,,,,,,,pr-0231,0,,,etiam-01-et-02,0.0000,0,,,,,,,,88,/7/_/7_2.jpg,,4,0,,,,,,,,,,,,,,,,
,,,,,,,,,,,,,,,,,,,,,,,,,,,,,,,,,,,,,,,,,,,,,,,,,,,,,,,,,,,,,,,,,,,,,,,,,,,,,,,,,,,,,,,,,,,88,/9/_/9_2.jpg,,5,0,,,,,,,,,,,,,,,,
pr-5113,,Default,bundle,"Food & Drink","Default Category",base,,,,"2014-08-06 07:29:57",,,,,,"Mauris pellentesque erat eget fermentum suscipit. Aliquam congue, mi consectetur rutrum tempus, justo orci vehicula leo, quis gravida quam velit luctus massa. Vivamus nec sollicitudin nulla",,,1,/7/-/7-1_2.jpg,,hot,,,,,,,,,No,"Bundle Luctus sapien",,,"Product Info Column",,,1,"Curabitur fermentum tortor leo, ac sollicitudin lectus sollicitudin pulvinar. Aliquam et purus viverra, mattis odio in, accumsan nunc. Donec dictum velit sed purus commodo bibendum. Curabitur venenatis elit id turpis lobortis vulputate. Mauris semper bibendum urna, id egestas lectus sodales varius. Mauris in vulputate metus. Morbi semper accumsan diam et vestibulum. In viverra posuere nisl, id varius quam consectetur a",/7/-/7-1_2.jpg,,,,,1,,/7/-/7-1_2.jpg,,"2014-08-06 07:29:57",bundle-luctus-sapien,bundle-luctus-sapien.html,4,0.2200,0.0000,0.0000,1,0,0,1,1.0000,1,0.0000,1,1,,1,0,1,0,1,0.0000,1,0,0,pr-11022,0,pr-11022,0,pr-325-2,0,,,,,,,,,,,88,/1/9/19_2.jpg,,1,0,,,,,,,,,,,,,,,,
,,,,Desserts,"Default Category",,,,,,,,,,,,,,,,,,,,,,,,,,,,,,,,,,,,,,,,,,,,,,,,,,,,,,,,,,,,,,,,,,,,,,pr-325-2,0,pr-325-2,0,pr-00195,0,,,,,,,,,,,88,/1/8/18_2.jpg,,2,0,,,,,,,,,,,,,,,,
,,,,Pizza-pasta,"Default Category",,,,,,,,,,,,,,,,,,,,,,,,,,,,,,,,,,,,,,,,,,,,,,,,,,,,,,,,,,,,,,,,,,,,,,pr-00195,0,pr-00195,0,pr-00155,0,,,,,,,,,,,88,/7/-/7-1_2.jpg,,3,0,,,,,,,,,,,,,,,,
,,,,Seafood,"Default Category",,,,,,,,,,,,,,,,,,,,,,,,,,,,,,,,,,,,,,,,,,,,,,,,,,,,,,,,,,,,,,,,,,,,,,pr-00155,0,product-22,0,pr-00193,0,,,,,,,,,,,,,,,,,,,,,,,,,,,,,,,
,,,,,,,,,,,,,,,,,,,,,,,,,,,,,,,,,,,,,,,,,,,,,,,,,,,,,,,,,,,,,,,,,,,,,,,,,,,pr-0231,0,,,fusxe-001,0,,,,,,,,,,,,,,,,,,,,,,,,,,,,,,,
,,,,,,,,,,,,,,,,,,,,,,,,,,,,,,,,,,,,,,,,,,,,,,,,,,,,,,,,,,,,,,,,,,,,,,,,,,,fusxe-001,0,,,,,,,,,,,,,,,,,,,,,,,,,,,,,,,,,,,
donec-12,,Default,configurable,,"Default Category",base,,,,"2015-04-29 04:00:42",,,,,,"Nullam nec lectus maximus, facilisis eros venenatis, bibendum tortor. Sed in arcu eu lectus vehicula consequat vel in lectus. Vestibulum at aliquam risus, sit amet porttitor diam. Sed sollicitudin porta urna at laoreet. Proin accumsan augue at ornare porta. Nunc auctor nulla a diam venenatis, vitae tristique enim malesuada. Phasellus vitae mauris et tortor iaculis tincidunt. Nulla ut pharetra ex.",,,1,/2/-/2-1_1_2.jpg,,,,,,,,,,"Use config","Use config","Fusce magna ligula",,,"Product Info Column",,24.0000,1,"Donec massa diam, semper a magna eget, feugiat consequat est. Curabitur facilisis iaculis sapien, id tempus eros venenatis id. Proin feugiat, tortor at pellentesque porta, arcu sem feugiat diam, quis finibus tellus dolor a orci. Nullam dictum eros pharetra elit dictum, consectetur auctor massa fermentum.",/2/-/2-1_1_2.jpg,,,,,1,0,/2/-/2-1_1_2.jpg,,"2015-05-06 09:09:47",fusce-magna-ligula,fusce-magna-ligula.html,4,,0.0000,0.0000,1,0,0,1,1.0000,1,0.0000,1,1,,1,0,1,0,1,0.0000,1,0,0,pr-0231,0,pr-00195,0,pr-00193,0,,,,,,,,,,,88,/3/_/3_2.jpg,pilgrim-swatch,1,0,,,,,,,,,,,,,donec-12a,manufacturer,Dean,
,,,,"Food & Drink","Default Category",,,,,,,,,,,,,,,,,,,,,,,,,,,,,,,,,,,,,,,,,,,,,,,,,,,,,,,,,,,,,,,,,,,,,,product-22,0,pr-00155,0,pr-0231,0,,,,,,,,,,,88,/1/_/1_3.jpg,dean-swatch,2,0,,,,,,,,,,,,,donec-12b,manufacturer,Kellogg,
,,,,Desserts,"Default Category",,,,,,,,,,,,,,,,,,,,,,,,,,,,,,,,,,,,,,,,,,,,,,,,,,,,,,,,,,,,,,,,,,,,,,fusxe-001,0,etiam-01-et-02,0,product-22,0,,,,,,,,,,,88,/3/-/3-1_1_1.jpg,,3,0,,,,,,,,,,,,,donec-12bc,manufacturer,Pilgrim,
,,,,Pizza-pasta,"Default Category",,,,,,,,,,,,,,,,,,,,,,,,,,,,,,,,,,,,,,,,,,,,,,,,,,,,,,,,,,,,,,,,,,,,,,,,pr-00193,0,fusxe-001,0,,,,,,,,,,,88,/2/_/2_2.jpg,kellogg-swatch,4,0,,,,,,,,,,,,,,,,
,,,,Seafood,"Default Category",,,,,,,,,,,,,,,,,,,,,,,,,,,,,,,,,,,,,,,,,,,,,,,,,,,,,,,,,,,,,,,,,,,,,,,,,,,,,,,,,,,,,,88,/3/-/3-1_1_2.jpg,,5,0,,,,,,,,,,,,,,,,
,,,,Appetizers,"Default Category",,,,,,,,,,,,,,,,,,,,,,,,,,,,,,,,,,,,,,,,,,,,,,,,,,,,,,,,,,,,,,,,,,,,,,,,,,,,,,,,,,,,,,88,/2/-/2-1_1_2.jpg,,6,0,,,,,,,,,,,,,,,,
,,,,Meat,"Default Category",,,,,,,,,,,,,,,,,,,,,,,,,,,,,,,,,,,,,,,,,,,,,,,,,,,,,,,,,,,,,,,,,,,,,,,,,,,,,,,,,,,,,,,,,,,,,,,,,,,,,,,,,,
,,,,Cakes,"Default Category",,,,,,,,,,,,,,,,,,,,,,,,,,,,,,,,,,,,,,,,,,,,,,,,,,,,,,,,,,,,,,,,,,,,,,,,,,,,,,,,,,,,,,,,,,,,,,,,,,,,,,,,,,
donec-12a,,Default,simple,,"Default Category",base,,,,"2015-04-29 04:00:42",,,,,,"Nullam nec lectus maximus, facilisis eros venenatis, bibendum tortor. Sed in arcu eu lectus vehicula consequat vel in lectus. Vestibulum at aliquam risus, sit amet porttitor diam. Sed sollicitudin porta urna at laoreet. Proin accumsan augue at ornare porta. Nunc auctor nulla a diam venenatis, vitae tristique enim malesuada. Phasellus vitae mauris et tortor iaculis tincidunt. Nulla ut pharetra ex.",,,0,/3/-/3-1_1_2_1.jpg,,,Dean,,,,,,,"Use config","Use config","Fusce magna ligula",,,"Product Info Column",,24.0000,0,"Donec massa diam, semper a magna eget, feugiat consequat est. Curabitur facilisis iaculis sapien, id tempus eros venenatis id. Proin feugiat, tortor at pellentesque porta, arcu sem feugiat diam, quis finibus tellus dolor a orci. Nullam dictum eros pharetra elit dictum, consectetur auctor massa fermentum.",/3/-/3-1_1_2_1.jpg,,"2015-04-28 00:00:00",23.0000,,1,0,/3/-/3-1_1_2_1.jpg,,"2015-04-29 04:09:37",fusce-magna-ligula,fusce-magna-ligula-25.html,1,0.0800,777.0000,0.0000,1,0,0,1,1.0000,1,0.0000,1,1,,1,0,1,0,1,0.0000,1,0,0,pr-0231,0,pr-325-2,0,etiam-01-et-02,0,,,,,,,,,,,88,/2/-/2-1_1_2_1.jpg,,1,0,,,,,,,,,,,,,,,,
,,,,"Food & Drink","Default Category",,,,,,,,,,,,,,,,,,,,,,,,,,,,,,,,,,,,,,,,,,,,,,,,,,,,,,,,,,,,,,,,,,,,,,product-22,0,pr-00195,0,pr-00193,0,,,,,,,,,,,88,/3/-/3-1_1_2_1.jpg,,2,0,,,,,,,,,,,,,,,,
,,,,Desserts,"Default Category",,,,,,,,,,,,,,,,,,,,,,,,,,,,,,,,,,,,,,,,,,,,,,,,,,,,,,,,,,,,,,,,,,,,,,fusxe-001,0,pr-00155,0,pr-0231,0,,,,,,,,,,,88,/3/-/3-1_1_3.jpg,,3,0,,,,,,,,,,,,,,,,
,,,,Pizza-pasta,"Default Category",,,,,,,,,,,,,,,,,,,,,,,,,,,,,,,,,,,,,,,,,,,,,,,,,,,,,,,,,,,,,,,,,,,,,,pr-5113,0,etiam-01-et-02,0,fusxe-001,0,,,,,,,,,,,,,,,,,,,,,,,,,,,,,,,
,,,,Seafood,"Default Category",,,,,,,,,,,,,,,,,,,,,,,,,,,,,,,,,,,,,,,,,,,,,,,,,,,,,,,,,,,,,,,,,,,,,,,,,,,,,,,,,,,,,,,,,,,,,,,,,,,,,,,,,,
,,,,Appetizers,"Default Category",,,,,,,,,,,,,,,,,,,,,,,,,,,,,,,,,,,,,,,,,,,,,,,,,,,,,,,,,,,,,,,,,,,,,,,,,,,,,,,,,,,,,,,,,,,,,,,,,,,,,,,,,,
,,,,Meat,"Default Category",,,,,,,,,,,,,,,,,,,,,,,,,,,,,,,,,,,,,,,,,,,,,,,,,,,,,,,,,,,,,,,,,,,,,,,,,,,,,,,,,,,,,,,,,,,,,,,,,,,,,,,,,,
,,,,Cakes,"Default Category",,,,,,,,,,,,,,,,,,,,,,,,,,,,,,,,,,,,,,,,,,,,,,,,,,,,,,,,,,,,,,,,,,,,,,,,,,,,,,,,,,,,,,,,,,,,,,,,,,,,,,,,,,
donec-12b,,Default,simple,,"Default Category",base,,,,"2015-04-29 04:00:42",,,,,,"Nullam nec lectus maximus, facilisis eros venenatis, bibendum tortor. Sed in arcu eu lectus vehicula consequat vel in lectus. Vestibulum at aliquam risus, sit amet porttitor diam. Sed sollicitudin porta urna at laoreet. Proin accumsan augue at ornare porta. Nunc auctor nulla a diam venenatis, vitae tristique enim malesuada. Phasellus vitae mauris et tortor iaculis tincidunt. Nulla ut pharetra ex.",,,0,/3/-/3-1_1_2_2.jpg,,,Kellogg,,,,,,,"Use config","Use config","Fusce magna ligula",,,"Product Info Column",,24.0000,0,"Donec massa diam, semper a magna eget, feugiat consequat est. Curabitur facilisis iaculis sapien, id tempus eros venenatis id. Proin feugiat, tortor at pellentesque porta, arcu sem feugiat diam, quis finibus tellus dolor a orci. Nullam dictum eros pharetra elit dictum, consectetur auctor massa fermentum.",/3/-/3-1_1_2_2.jpg,,"2015-04-28 00:00:00",22.5000,,1,0,/3/-/3-1_1_2_2.jpg,,"2015-04-29 04:10:53",fusce-magna-ligula,fusce-magna-ligula-26.html,1,0.0800,99.0000,0.0000,1,0,0,1,1.0000,1,0.0000,1,1,,1,0,1,0,1,0.0000,1,0,0,product-22,0,pr-00193,0,pr-0231,0,,,,,,,,,,,88,/2/-/2-1_1_2_2.jpg,,1,0,,,,,,,,,,,,,,,,
,,,,"Food & Drink","Default Category",,,,,,,,,,,,,,,,,,,,,,,,,,,,,,,,,,,,,,,,,,,,,,,,,,,,,,,,,,,,,,,,,,,,,,fusxe-001,0,pr-0231,0,product-22,0,,,,,,,,,,,88,/3/-/3-1_1_4.jpg,,2,0,,,,,,,,,,,,,,,,
,,,,Desserts,"Default Category",,,,,,,,,,,,,,,,,,,,,,,,,,,,,,,,,,,,,,,,,,,,,,,,,,,,,,,,,,,,,,,,,,,,,,pr-5113,0,product-22,0,fusxe-001,0,,,,,,,,,,,88,/3/-/3-1_1_2_2.jpg,,3,0,,,,,,,,,,,,,,,,
,,,,Pizza-pasta,"Default Category",,,,,,,,,,,,,,,,,,,,,,,,,,,,,,,,,,,,,,,,,,,,,,,,,,,,,,,,,,,,,,,,,,,,,,donec-12,0,fusxe-001,0,pr-5113,0,,,,,,,,,,,,,,,,,,,,,,,,,,,,,,,
,,,,Seafood,"Default Category",,,,,,,,,,,,,,,,,,,,,,,,,,,,,,,,,,,,,,,,,,,,,,,,,,,,,,,,,,,,,,,,,,,,,,,,,,,,,,,,,,,,,,,,,,,,,,,,,,,,,,,,,,
,,,,Appetizers,"Default Category",,,,,,,,,,,,,,,,,,,,,,,,,,,,,,,,,,,,,,,,,,,,,,,,,,,,,,,,,,,,,,,,,,,,,,,,,,,,,,,,,,,,,,,,,,,,,,,,,,,,,,,,,,
,,,,Meat,"Default Category",,,,,,,,,,,,,,,,,,,,,,,,,,,,,,,,,,,,,,,,,,,,,,,,,,,,,,,,,,,,,,,,,,,,,,,,,,,,,,,,,,,,,,,,,,,,,,,,,,,,,,,,,,
,,,,Cakes,"Default Category",,,,,,,,,,,,,,,,,,,,,,,,,,,,,,,,,,,,,,,,,,,,,,,,,,,,,,,,,,,,,,,,,,,,,,,,,,,,,,,,,,,,,,,,,,,,,,,,,,,,,,,,,,
donec-12bc,,Default,simple,,"Default Category",base,,,,"2015-04-29 04:00:42",,,,,,"Nullam nec lectus maximus, facilisis eros venenatis, bibendum tortor. Sed in arcu eu lectus vehicula consequat vel in lectus. Vestibulum at aliquam risus, sit amet porttitor diam. Sed sollicitudin porta urna at laoreet. Proin accumsan augue at ornare porta. Nunc auctor nulla a diam venenatis, vitae tristique enim malesuada. Phasellus vitae mauris et tortor iaculis tincidunt. Nulla ut pharetra ex.",,,0,/2/-/2-1_1_2_3.jpg,,,Pilgrim,,,,,,,"Use config","Use config","Fusce magna ligula",,,"Product Info Column",,24.0000,0,"Donec massa diam, semper a magna eget, feugiat consequat est. Curabitur facilisis iaculis sapien, id tempus eros venenatis id. Proin feugiat, tortor at pellentesque porta, arcu sem feugiat diam, quis finibus tellus dolor a orci. Nullam dictum eros pharetra elit dictum, consectetur auctor massa fermentum.",/2/-/2-1_1_2_3.jpg,,,,,1,0,/2/-/2-1_1_2_3.jpg,,"2015-04-29 04:20:25",fusce-magna-ligula,fusce-magna-ligula-27.html,1,0.0900,113.0000,0.0000,1,0,0,1,1.0000,1,0.0000,1,1,,1,0,1,0,1,0.0000,1,0,0,pr-5113,0,pr-00155,0,pr-0231,0,,,,,,,,,,,88,/2/-/2-1_1_2_3.jpg,,1,0,,,,,,,,,,,,,,,,
,,,,"Food & Drink","Default Category",,,,,,,,,,,,,,,,,,,,,,,,,,,,,,,,,,,,,,,,,,,,,,,,,,,,,,,,,,,,,,,,,,,,,,donec-12,0,etiam-01-et-02,0,product-22,0,,,,,,,,,,,88,/3/-/3-1_1_5.jpg,,2,0,,,,,,,,,,,,,,,,
,,,,Desserts,"Default Category",,,,,,,,,,,,,,,,,,,,,,,,,,,,,,,,,,,,,,,,,,,,,,,,,,,,,,,,,,,,,,,,,,,,,,donec-12a,0,pr-00193,0,fusxe-001,0,,,,,,,,,,,88,/3/-/3-1_1_2_3.jpg,,3,0,,,,,,,,,,,,,,,,
,,,,Pizza-pasta,"Default Category",,,,,,,,,,,,,,,,,,,,,,,,,,,,,,,,,,,,,,,,,,,,,,,,,,,,,,,,,,,,,,,,,,,,,,donec-12b,0,pr-0231,0,pr-5113,0,,,,,,,,,,,,,,,,,,,,,,,,,,,,,,,
,,,,Seafood,"Default Category",,,,,,,,,,,,,,,,,,,,,,,,,,,,,,,,,,,,,,,,,,,,,,,,,,,,,,,,,,,,,,,,,,,,,,,,,,,,,,,,,,,,,,,,,,,,,,,,,,,,,,,,,,
,,,,Appetizers,"Default Category",,,,,,,,,,,,,,,,,,,,,,,,,,,,,,,,,,,,,,,,,,,,,,,,,,,,,,,,,,,,,,,,,,,,,,,,,,,,,,,,,,,,,,,,,,,,,,,,,,,,,,,,,,
,,,,Meat,"Default Category",,,,,,,,,,,,,,,,,,,,,,,,,,,,,,,,,,,,,,,,,,,,,,,,,,,,,,,,,,,,,,,,,,,,,,,,,,,,,,,,,,,,,,,,,,,,,,,,,,,,,,,,,,
,,,,Cakes,"Default Category",,,,,,,,,,,,,,,,,,,,,,,,,,,,,,,,,,,,,,,,,,,,,,,,,,,,,,,,,,,,,,,,,,,,,,,,,,,,,,,,,,,,,,,,,,,,,,,,,,,,,,,,,,
